code_altersgruppe_statistik|code_altersgruppe_1|code_altersgruppe_2
unter 3 Jahre|00-05|00-17
3 bis unter 6 Jahre|00-05|00-17
6 bis unter 10 Jahre|06-17|00-17
10 bis unter 15 Jahre|06-17|00-17
15 bis unter 18 Jahre|06-17|00-17
18 bis unter 20 Jahre|18-24|18-64
20 bis unter 25 Jahre|18-24|18-64
25 bis unter 30 Jahre|25-29|18-64
30 bis unter 35 Jahre|30-64|18-64
35 bis unter 40 Jahre|30-64|18-64
40 bis unter 45 Jahre|30-64|18-64
45 bis unter 50 Jahre|30-64|18-64
50 bis unter 55 Jahre|30-64|18-64
55 bis unter 60 Jahre|30-64|18-64
60 bis unter 65 Jahre|30-64|18-64
65 bis unter 75 Jahre|65+|65+
75 Jahre und mehr|65+|65+
